lead_id,company,industry,country,city,employees,website,description,signals
L001,Rakrak Health,Healthcare,Saudi Arabia,Dammam,632,rakrakhealth.example,Rakrak Health is a healthcare company in Saudi Arabia serving consumers.,Publishes an annual customer satisfaction report; No social media presence
L002,Kelyam Bank,Banking,Saudi Arabia,Dammam,189,kelyambank.example,Kelyam Bank is a banking company in Saudi Arabia serving consumers.,
L003,Zarsad Foods,Quick-service restaurants,United Arab Emirates,Abu Dhabi,304,zarsadfoods.example,Zarsad Foods is a quick-service restaurants company in United Arab Emirates serving consumers.,Recently launched a customer mobile app; Publishes an annual customer satisfaction report; Hiring a customer experience manager
L004,Yamfen Bank,Banking,Saudi Arabia,Dammam,327,yamfenbank.example,Yamfen Bank is a banking company in Saudi Arabia serving consumers.,
L005,Doryam Industries,Industrial manufacturing,United Arab Emirates,Abu Dhabi,23918,doryamindustries.example,Doryam Industries is an industrial manufacturing company in United Arab Emirates serving other businesses.,
L006,Dorqal Insurance,Insurance,Saudi Arabia,Jeddah,143,dorqalinsurance.example,Dorqal Insurance is an insurance company in Saudi Arabia serving consumers.,Active Arabic social media accounts
L007,Qalyam Insurance,Insurance,United Arab Emirates,Dubai,673,qalyaminsurance.example,Qalyam Insurance is an insurance company in United Arab Emirates serving consumers.,Runs a 24/7 contact center
L008,Rakmir Foods,Quick-service restaurants,India,Bengaluru,15336,rakmirfoods.example,Rakmir Foods is a quick-service restaurants company in India serving consumers.,
L009,Mirlum Foods,Quick-service restaurants,Saudi Arabia,Riyadh,29411,mirlumfoods.example,Mirlum Foods is a quick-service restaurants company in Saudi Arabia serving consumers.,Many customer complaints visible on X; Publishes an annual customer satisfaction report; Hiring a customer experience manager
L010,Tissol Authority,Government,Saudi Arabia,Riyadh,29765,tissolauthority.example,Tissol Authority is a government company in Saudi Arabia serving consumers.,Recently launched a customer mobile app; Hiring a customer experience manager; Runs a 24/7 contact center
L011,Tisyam Bank,Banking,Saudi Arabia,Dammam,169,tisyambank.example,Tisyam Bank is a banking company in Saudi Arabia serving consumers.,
L012,Tempru Authority,Government,India,Bengaluru,44,tempruauthority.example,Tempru Authority is a government company in India serving consumers.,Publishes an annual customer satisfaction report; Recently launched a customer mobile app; Recently cut marketing budget
L013,Kelsad Bank,Banking,Kuwait,Kuwait City,854,kelsadbank.example,Kelsad Bank is a banking company in Kuwait serving consumers.,
L014,Sadpru Authority,Government,Saudi Arabia,Jeddah,219,sadpruauthority.example,Sadpru Authority is a government company in Saudi Arabia serving consumers.,
L015,Raknub Bank,Banking,United Arab Emirates,Dubai,949,raknubbank.example,Raknub Bank is a banking company in United Arab Emirates serving consumers.,Runs a 24/7 contact center
L016,Vorvor Hotels,Hospitality,Saudi Arabia,Dammam,18865,vorvorhotels.example,Vorvor Hotels is a hospitality company in Saudi Arabia serving consumers.,Runs a 24/7 contact center; Hiring a customer experience manager; Recently launched a customer mobile app
L017,Dorbel Industries,Industrial manufacturing,United States,Chicago,162,dorbelindustries.example,Dorbel Industries is an industrial manufacturing company in United States serving other businesses.,
L018,Rakqal Contracting,Construction,United Arab Emirates,Dubai,51,rakqalcontracting.example,Rakqal Contracting is a construction company in United Arab Emirates serving other businesses.,Sells only to other factories (B2B industrial)
L019,Qalnub Bank,Banking,Egypt,Alexandria,104,qalnubbank.example,Qalnub Bank is a banking company in Egypt serving consumers.,Active Arabic social media accounts; Runs a 24/7 contact center
L020,Solwan Authority,Government,Kuwait,Kuwait City,8090,solwanauthority.example,Solwan Authority is a government company in Kuwait serving consumers.,Many customer complaints visible on X
L021,Tisgor Bank,Banking,United Arab Emirates,Dubai,1248,tisgorbank.example,Tisgor Bank is a banking company in United Arab Emirates serving consumers.,
L022,Raklum Foods,Quick-service restaurants,Saudi Arabia,Jeddah,26,raklumfoods.example,Raklum Foods is a quick-service restaurants company in Saudi Arabia serving consumers.,Runs a 24/7 contact center
L023,Gorpru Retail Group,Retail,Saudi Arabia,Riyadh,30,gorpruretailgroup.example,Gorpru Retail Group is a retail company in Saudi Arabia serving consumers.,No social media presence
L024,Belnub Insurance,Insurance,United Arab Emirates,Abu Dhabi,166,belnubinsurance.example,Belnub Insurance is an insurance company in United Arab Emirates serving consumers.,Many customer complaints visible on X; Recently cut marketing budget
L025,Wanvor Retail Group,Retail,Kuwait,Kuwait City,23978,wanvorretailgroup.example,Wanvor Retail Group is a retail company in Kuwait serving consumers.,Recently launched a customer mobile app
L026,Nubnub Logistics,Logistics,Saudi Arabia,Riyadh,270,nubnublogistics.example,Nubnub Logistics is a logistics company in Saudi Arabia serving consumers.,Runs a 24/7 contact center; Publishes an annual customer satisfaction report; Hiring a customer experience manager; No social media presence
L027,Beltem Telecom,Telecommunications,Kuwait,Kuwait City,157,beltemtelecom.example,Beltem Telecom is a telecommunications company in Kuwait serving consumers.,Runs a 24/7 contact center
L028,Fenlum Health,Healthcare,Egypt,Alexandria,668,fenlumhealth.example,Fenlum Health is a healthcare company in Egypt serving consumers.,Hiring a customer experience manager; Recently launched a customer mobile app
L029,Zargor Retail Group,Retail,Qatar,Doha,23,zargorretailgroup.example,Zargor Retail Group is a retail company in Qatar serving consumers.,Sells only to other factories (B2B industrial)
L030,Haxdor Industries,Industrial manufacturing,Germany,Berlin,191,haxdorindustries.example,Haxdor Industries is an industrial manufacturing company in Germany serving other businesses.,English-only website and support
L031,Fentem Retail Group,Retail,Egypt,Cairo,119,fentemretailgroup.example,Fentem Retail Group is a retail company in Egypt serving consumers.,
L032,Lumfen Retail Group,Retail,Saudi Arabia,Jeddah,245,lumfenretailgroup.example,Lumfen Retail Group is a retail company in Saudi Arabia serving consumers.,Recently launched a customer mobile app; Active Arabic social media accounts; Runs a 24/7 contact center
L033,Sadgor Bank,Banking,Qatar,Doha,578,sadgorbank.example,Sadgor Bank is a banking company in Qatar serving consumers.,Runs a 24/7 contact center; Active Arabic social media accounts; Publishes an annual customer satisfaction report; Sells only to other factories (B2B industrial)
L034,Nubdor Telecom,Telecommunications,Saudi Arabia,Riyadh,76,nubdortelecom.example,Nubdor Telecom is a telecommunications company in Saudi Arabia serving consumers.,Active Arabic social media accounts; Recently launched a customer mobile app
L035,Yamvor Foods,Quick-service restaurants,Egypt,Cairo,4610,yamvorfoods.example,Yamvor Foods is a quick-service restaurants company in Egypt serving consumers.,Hiring a customer experience manager
L036,Tisrak Foods,Quick-service restaurants,Saudi Arabia,Riyadh,681,tisrakfoods.example,Tisrak Foods is a quick-service restaurants company in Saudi Arabia serving consumers.,Hiring a customer experience manager; Active Arabic social media accounts
L037,Haxdor Retail Group,Retail,Jordan,Amman,2344,haxdorretailgroup.example,Haxdor Retail Group is a retail company in Jordan serving consumers.,Hiring a customer experience manager; Sells only to other factories (B2B industrial)
L038,Haxkel Retail Group,Retail,Saudi Arabia,Riyadh,467,haxkelretailgroup.example,Haxkel Retail Group is a retail company in Saudi Arabia serving consumers.,Publishes an annual customer satisfaction report; Runs a 24/7 contact center; Recently launched a customer mobile app
L039,Nubtem Insurance,Insurance,India,Bengaluru,594,nubteminsurance.example,Nubtem Insurance is an insurance company in India serving consumers.,Recently launched a customer mobile app; Publishes an annual customer satisfaction report; Many customer complaints visible on X
L040,Tiszar Contracting,Construction,Saudi Arabia,Jeddah,42,tiszarcontracting.example,Tiszar Contracting is a construction company in Saudi Arabia serving other businesses.,Sells only to other factories (B2B industrial)
L041,Yammir Bank,Banking,Egypt,Alexandria,719,yammirbank.example,Yammir Bank is a banking company in Egypt serving consumers.,
L042,Dorpru Retail Group,Retail,United Arab Emirates,Abu Dhabi,3774,dorpruretailgroup.example,Dorpru Retail Group is a retail company in United Arab Emirates serving consumers.,Hiring a customer experience manager
L043,Dorbel Logistics,Logistics,Saudi Arabia,Riyadh,19086,dorbellogistics.example,Dorbel Logistics is a logistics company in Saudi Arabia serving consumers.,
L044,Gorgor Academy,Education,Egypt,Cairo,874,gorgoracademy.example,Gorgor Academy is an education company in Egypt serving consumers.,Publishes an annual customer satisfaction report; Hiring a customer experience manager; Many customer complaints visible on X
L045,Mirqal Bank,Banking,United Arab Emirates,Dubai,9828,mirqalbank.example,Mirqal Bank is a banking company in United Arab Emirates serving consumers.,Publishes an annual customer satisfaction report
L046,Yamqal Bank,Banking,Saudi Arabia,Jeddah,3024,yamqalbank.example,Yamqal Bank is a banking company in Saudi Arabia serving consumers.,Many customer complaints visible on X; Runs a 24/7 contact center; Hiring a customer experience manager
L047,Temtis Foods,Quick-service restaurants,Saudi Arabia,Dammam,48,temtisfoods.example,Temtis Foods is a quick-service restaurants company in Saudi Arabia serving consumers.,Hiring a customer experience manager
L048,Gorvor Hotels,Hospitality,Egypt,Alexandria,47,gorvorhotels.example,Gorvor Hotels is a hospitality company in Egypt serving consumers.,Publishes an annual customer satisfaction report; Runs a 24/7 contact center; Recently launched a customer mobile app
L049,Sadwan Hotels,Hospitality,United States,Chicago,3567,sadwanhotels.example,Sadwan Hotels is a hospitality company in United States serving consumers.,Recently launched a customer mobile app; Hiring a customer experience manager; Publishes an annual customer satisfaction report
L050,Rakfen Retail Group,Retail,United Arab Emirates,Dubai,592,rakfenretailgroup.example,Rakfen Retail Group is a retail company in United Arab Emirates serving consumers.,Recently launched a customer mobile app; Runs a 24/7 contact center; Sells only to other factories (B2B industrial)
L051,Tistis Health,Healthcare,Kuwait,Kuwait City,41,tistishealth.example,Tistis Health is a healthcare company in Kuwait serving consumers.,Runs a 24/7 contact center; Many customer complaints visible on X
L052,Solbel Foods,Quick-service restaurants,Qatar,Doha,49,solbelfoods.example,Solbel Foods is a quick-service restaurants company in Qatar serving consumers.,Active Arabic social media accounts; Recently launched a customer mobile app; Runs a 24/7 contact center
L053,Rakwan Logistics,Logistics,United Arab Emirates,Dubai,17742,rakwanlogistics.example,Rakwan Logistics is a logistics company in United Arab Emirates serving consumers.,Recently launched a customer mobile app
L054,Sadgor Retail Group,Retail,Kuwait,Kuwait City,3424,sadgorretailgroup.example,Sadgor Retail Group is a retail company in Kuwait serving consumers.,Runs a 24/7 contact center
L055,Vorgor Authority,Government,Saudi Arabia,Jeddah,1866,vorgorauthority.example,Vorgor Authority is a government company in Saudi Arabia serving consumers.,Active Arabic social media accounts
L056,Fentis Hotels,Hospitality,Saudi Arabia,Jeddah,1918,fentishotels.example,Fentis Hotels is a hospitality company in Saudi Arabia serving consumers.,Active Arabic social media accounts; Many customer complaints visible on X; No social media presence
L057,Zarrak Health,Healthcare,Qatar,Doha,23,zarrakhealth.example,Zarrak Health is a healthcare company in Qatar serving consumers.,Active Arabic social media accounts
L058,Gorfen Hotels,Hospitality,Saudi Arabia,Dammam,79,gorfenhotels.example,Gorfen Hotels is a hospitality company in Saudi Arabia serving consumers.,Hiring a customer experience manager; Runs a 24/7 contact center
L059,Temsol Academy,Education,Saudi Arabia,Dammam,893,temsolacademy.example,Temsol Academy is an education company in Saudi Arabia serving consumers.,
L060,Qalsol Contracting,Construction,United Arab Emirates,Dubai,127,qalsolcontracting.example,Qalsol Contracting is a construction company in United Arab Emirates serving other businesses.,Sells only to other factories (B2B industrial)
L061,Solnub Petroleum,Oil and gas,Egypt,Alexandria,19,solnubpetroleum.example,Solnub Petroleum is an oil and gas company in Egypt serving other businesses.,Recently cut marketing budget
L062,Wantem Authority,Government,Saudi Arabia,Dammam,3137,wantemauthority.example,Wantem Authority is a government company in Saudi Arabia serving consumers.,Recently launched a customer mobile app; Many customer complaints visible on X; Hiring a customer experience manager
L063,Wangor Industries,Industrial manufacturing,Saudi Arabia,Jeddah,13044,wangorindustries.example,Wangor Industries is an industrial manufacturing company in Saudi Arabia serving other businesses.,English-only website and support
L064,Rakgor Petroleum,Oil and gas,Saudi Arabia,Jeddah,1117,rakgorpetroleum.example,Rakgor Petroleum is an oil and gas company in Saudi Arabia serving other businesses.,Recently cut marketing budget
L065,Lumhax Authority,Government,Saudi Arabia,Dammam,4604,lumhaxauthority.example,Lumhax Authority is a government company in Saudi Arabia serving consumers.,Recently launched a customer mobile app; Publishes an annual customer satisfaction report
L066,Qalrak Retail Group,Retail,Saudi Arabia,Dammam,175,qalrakretailgroup.example,Qalrak Retail Group is a retail company in Saudi Arabia serving consumers.,Many customer complaints visible on X; Runs a 24/7 contact center; Hiring a customer experience manager
L067,Rakbel Hotels,Hospitality,Saudi Arabia,Jeddah,684,rakbelhotels.example,Rakbel Hotels is a hospitality company in Saudi Arabia serving consumers.,Recently launched a customer mobile app
L068,Mirhax Authority,Government,Saudi Arabia,Dammam,11310,mirhaxauthority.example,Mirhax Authority is a government company in Saudi Arabia serving consumers.,Recently launched a customer mobile app; Publishes an annual customer satisfaction report; Runs a 24/7 contact center
L069,Lumlum Retail Group,Retail,Qatar,Doha,125,lumlumretailgroup.example,Lumlum Retail Group is a retail company in Qatar serving consumers.,Recently launched a customer mobile app; Runs a 24/7 contact center; Publishes an annual customer satisfaction report
L070,Pruvor Retail Group,Retail,Saudi Arabia,Dammam,23,pruvorretailgroup.example,Pruvor Retail Group is a retail company in Saudi Arabia serving consumers.,Active Arabic social media accounts; Publishes an annual customer satisfaction report
L071,Zarsol Health,Healthcare,Qatar,Doha,18,zarsolhealth.example,Zarsol Health is a healthcare company in Qatar serving consumers.,Many customer complaints visible on X; Publishes an annual customer satisfaction report
L072,Qalbel Retail Group,Retail,Germany,Berlin,30,qalbelretailgroup.example,Qalbel Retail Group is a retail company in Germany serving consumers.,Active Arabic social media accounts; Runs a 24/7 contact center; Publishes an annual customer satisfaction report; English-only website and support
L073,Yamyam Bank,Banking,Qatar,Doha,14743,yamyambank.example,Yamyam Bank is a banking company in Qatar serving consumers.,Runs a 24/7 contact center
L074,Solyam Petroleum,Oil and gas,India,Bengaluru,840,solyampetroleum.example,Solyam Petroleum is an oil and gas company in India serving other businesses.,No social media presence
L075,Raksad Insurance,Insurance,Egypt,Alexandria,170,raksadinsurance.example,Raksad Insurance is an insurance company in Egypt serving consumers.,Recently cut marketing budget
L076,Gorqal Retail Group,Retail,Saudi Arabia,Dammam,803,gorqalretailgroup.example,Gorqal Retail Group is a retail company in Saudi Arabia serving consumers.,Recently launched a customer mobile app
L077,Tempru Health,Healthcare,United States,Austin,1292,tempruhealth.example,Tempru Health is a healthcare company in United States serving consumers.,Publishes an annual customer satisfaction report; English-only website and support
L078,Soldor Bank,Banking,Jordan,Amman,21399,soldorbank.example,Soldor Bank is a banking company in Jordan serving consumers.,Active Arabic social media accounts; Many customer complaints visible on X; Recently launched a customer mobile app
L079,Nubtis Authority,Government,United Arab Emirates,Dubai,27029,nubtisauthority.example,Nubtis Authority is a government company in United Arab Emirates serving consumers.,Runs a 24/7 contact center; Recently launched a customer mobile app; Sells only to other factories (B2B industrial)
L080,Wankel Petroleum,Oil and gas,Egypt,Cairo,199,wankelpetroleum.example,Wankel Petroleum is an oil and gas company in Egypt serving other businesses.,English-only website and support
L081,Wanhax Hotels,Hospitality,Jordan,Amman,41,wanhaxhotels.example,Wanhax Hotels is a hospitality company in Jordan serving consumers.,Recently launched a customer mobile app; Publishes an annual customer satisfaction report; Active Arabic social media accounts
L082,Prunub Health,Healthcare,Saudi Arabia,Jeddah,4542,prunubhealth.example,Prunub Health is a healthcare company in Saudi Arabia serving consumers.,Active Arabic social media accounts; Recently launched a customer mobile app; Runs a 24/7 contact center
L083,Gortis Authority,Government,India,Pune,25493,gortisauthority.example,Gortis Authority is a government company in India serving consumers.,English-only website and support
L084,Pruvor Hotels,Hospitality,Saudi Arabia,Dammam,362,pruvorhotels.example,Pruvor Hotels is a hospitality company in Saudi Arabia serving consumers.,Many customer complaints visible on X; Publishes an annual customer satisfaction report; Sells only to other factories (B2B industrial)
L085,Temgor Retail Group,Retail,Saudi Arabia,Riyadh,3041,temgorretailgroup.example,Temgor Retail Group is a retail company in Saudi Arabia serving consumers.,
L086,Tiswan Industries,Industrial manufacturing,Saudi Arabia,Riyadh,667,tiswanindustries.example,Tiswan Industries is an industrial manufacturing company in Saudi Arabia serving other businesses.,
L087,Kelvor Authority,Government,United Arab Emirates,Abu Dhabi,16137,kelvorauthority.example,Kelvor Authority is a government company in United Arab Emirates serving consumers.,
L088,Dordor Industries,Industrial manufacturing,United Arab Emirates,Abu Dhabi,24,dordorindustries.example,Dordor Industries is an industrial manufacturing company in United Arab Emirates serving other businesses.,
L089,Prupru Hotels,Hospitality,United Arab Emirates,Dubai,785,prupruhotels.example,Prupru Hotels is a hospitality company in United Arab Emirates serving consumers.,Many customer complaints visible on X; Recently launched a customer mobile app; Hiring a customer experience manager
L090,Nubmir Foods,Quick-service restaurants,Germany,Berlin,3028,nubmirfoods.example,Nubmir Foods is a quick-service restaurants company in Germany serving consumers.,Publishes an annual customer satisfaction report; Many customer complaints visible on X; Runs a 24/7 contact center
L091,Mirtem Industries,Industrial manufacturing,Saudi Arabia,Jeddah,8267,mirtemindustries.example,Mirtem Industries is an industrial manufacturing company in Saudi Arabia serving other businesses.,
L092,Tisvor Authority,Government,United Arab Emirates,Abu Dhabi,136,tisvorauthority.example,Tisvor Authority is a government company in United Arab Emirates serving consumers.,
L093,Mirpru Telecom,Telecommunications,United Arab Emirates,Dubai,33,mirprutelecom.example,Mirpru Telecom is a telecommunications company in United Arab Emirates serving consumers.,Recently launched a customer mobile app; Many customer complaints visible on X; Active Arabic social media accounts
L094,Temtem Labs,Software,Qatar,Doha,2468,temtemlabs.example,Temtem Labs is a software company in Qatar serving consumers.,Hiring a customer experience manager; Recently launched a customer mobile app; Active Arabic social media accounts; No social media presence
L095,Tissol Foods,Quick-service restaurants,Saudi Arabia,Dammam,27384,tissolfoods.example,Tissol Foods is a quick-service restaurants company in Saudi Arabia serving consumers.,Hiring a customer experience manager; Recently cut marketing budget
L096,Rakgor Retail Group,Retail,United States,Chicago,123,rakgorretailgroup.example,Rakgor Retail Group is a retail company in United States serving consumers.,Many customer complaints visible on X; Recently launched a customer mobile app
L097,Haxsol Health,Healthcare,Saudi Arabia,Jeddah,4462,haxsolhealth.example,Haxsol Health is a healthcare company in Saudi Arabia serving consumers.,Publishes an annual customer satisfaction report; Many customer complaints visible on X
L098,Temrak Retail Group,Retail,India,Pune,1089,temrakretailgroup.example,Temrak Retail Group is a retail company in India serving consumers.,Runs a 24/7 contact center; Recently launched a customer mobile app; Publishes an annual customer satisfaction report
L099,Zarsol Industries,Industrial manufacturing,Egypt,Cairo,820,zarsolindustries.example,Zarsol Industries is an industrial manufacturing company in Egypt serving other businesses.,
L100,Rakyam Logistics,Logistics,Jordan,Amman,843,rakyamlogistics.example,Rakyam Logistics is a logistics company in Jordan serving consumers.,Hiring a customer experience manager; Publishes an annual customer satisfaction report
L101,Dorgor Bank,Banking,Egypt,Cairo,20,dorgorbank.example,Dorgor Bank is a banking company in Egypt serving consumers.,
L102,Sadlum Contracting,Construction,Saudi Arabia,Dammam,3055,sadlumcontracting.example,Sadlum Contracting is a construction company in Saudi Arabia serving other businesses.,English-only website and support
L103,Wandor Contracting,Construction,Jordan,Amman,317,wandorcontracting.example,Wandor Contracting is a construction company in Jordan serving other businesses.,
L104,Belpru Hotels,Hospitality,Saudi Arabia,Jeddah,144,belpruhotels.example,Belpru Hotels is a hospitality company in Saudi Arabia serving consumers.,Active Arabic social media accounts; Many customer complaints visible on X; No social media presence
L105,Belhax Health,Healthcare,Kuwait,Kuwait City,5820,belhaxhealth.example,Belhax Health is a healthcare company in Kuwait serving consumers.,
L106,Yamrak Telecom,Telecommunications,United States,Chicago,917,yamraktelecom.example,Yamrak Telecom is a telecommunications company in United States serving consumers.,
L107,Nubnub Retail Group,Retail,United Arab Emirates,Abu Dhabi,166,nubnubretailgroup.example,Nubnub Retail Group is a retail company in United Arab Emirates serving consumers.,Many customer complaints visible on X; Active Arabic social media accounts; Sells only to other factories (B2B industrial)
L108,Vortis Foods,Quick-service restaurants,United States,Chicago,14166,vortisfoods.example,Vortis Foods is a quick-service restaurants company in United States serving consumers.,
L109,Gorrak Bank,Banking,United Arab Emirates,Abu Dhabi,1248,gorrakbank.example,Gorrak Bank is a banking company in United Arab Emirates serving consumers.,Active Arabic social media accounts; Recently launched a customer mobile app
L110,Gorqal Foods,Quick-service restaurants,Saudi Arabia,Riyadh,18,gorqalfoods.example,Gorqal Foods is a quick-service restaurants company in Saudi Arabia serving consumers.,Publishes an annual customer satisfaction report
L111,Sollum Academy,Education,Saudi Arabia,Dammam,103,sollumacademy.example,Sollum Academy is an education company in Saudi Arabia serving consumers.,
L112,Mirvor Telecom,Telecommunications,Jordan,Amman,83,mirvortelecom.example,Mirvor Telecom is a telecommunications company in Jordan serving consumers.,
L113,Zarvor Authority,Government,Jordan,Amman,35,zarvorauthority.example,Zarvor Authority is a government company in Jordan serving consumers.,
L114,Tiskel Bank,Banking,Saudi Arabia,Jeddah,164,tiskelbank.example,Tiskel Bank is a banking company in Saudi Arabia serving consumers.,
L115,Gorkel Academy,Education,United Arab Emirates,Abu Dhabi,16,gorkelacademy.example,Gorkel Academy is an education company in United Arab Emirates serving consumers.,Runs a 24/7 contact center; English-only website and support
L116,Tistem Bank,Banking,United Arab Emirates,Abu Dhabi,3491,tistembank.example,Tistem Bank is a banking company in United Arab Emirates serving consumers.,Publishes an annual customer satisfaction report; Many customer complaints visible on X; Active Arabic social media accounts
L117,Solpru Insurance,Insurance,Saudi Arabia,Jeddah,21565,solpruinsurance.example,Solpru Insurance is an insurance company in Saudi Arabia serving consumers.,Many customer complaints visible on X; Runs a 24/7 contact center
L118,Prulum Telecom,Telecommunications,Saudi Arabia,Jeddah,40,prulumtelecom.example,Prulum Telecom is a telecommunications company in Saudi Arabia serving consumers.,Many customer complaints visible on X; Hiring a customer experience manager; Publishes an annual customer satisfaction report
L119,Mirfen Foods,Quick-service restaurants,Saudi Arabia,Riyadh,2768,mirfenfoods.example,Mirfen Foods is a quick-service restaurants company in Saudi Arabia serving consumers.,Hiring a customer experience manager; Many customer complaints visible on X; No social media presence
L120,Prunub Bank,Banking,Qatar,Doha,63,prunubbank.example,Prunub Bank is a banking company in Qatar serving consumers.,Publishes an annual customer satisfaction report; Active Arabic social media accounts
L121,Temsol Industries,Industrial manufacturing,Egypt,Alexandria,429,temsolindustries.example,Temsol Industries is an industrial manufacturing company in Egypt serving other businesses.,Sells only to other factories (B2B industrial)
L122,Haxtem Petroleum,Oil and gas,United Arab Emirates,Dubai,19061,haxtempetroleum.example,Haxtem Petroleum is an oil and gas company in United Arab Emirates serving other businesses.,
L123,Yampru Petroleum,Oil and gas,India,Bengaluru,10911,yamprupetroleum.example,Yampru Petroleum is an oil and gas company in India serving other businesses.,English-only website and support
L124,Haxzar Retail Group,Retail,Qatar,Doha,271,haxzarretailgroup.example,Haxzar Retail Group is a retail company in Qatar serving consumers.,Hiring a customer experience manager
L125,Qalkel Insurance,Insurance,Egypt,Alexandria,25,qalkelinsurance.example,Qalkel Insurance is an insurance company in Egypt serving consumers.,Many customer complaints visible on X
L126,Yamqal Foods,Quick-service restaurants,Kuwait,Kuwait City,13916,yamqalfoods.example,Yamqal Foods is a quick-service restaurants company in Kuwait serving consumers.,No social media presence
L127,Gortis Hotels,Hospitality,United Arab Emirates,Dubai,14281,gortishotels.example,Gortis Hotels is a hospitality company in United Arab Emirates serving consumers.,Hiring a customer experience manager; Runs a 24/7 contact center; Recently cut marketing budget
L128,Dornub Health,Healthcare,Egypt,Cairo,5251,dornubhealth.example,Dornub Health is a healthcare company in Egypt serving consumers.,Many customer complaints visible on X
L129,Fendor Insurance,Insurance,United States,Chicago,94,fendorinsurance.example,Fendor Insurance is an insurance company in United States serving consumers.,Active Arabic social media accounts; Publishes an annual customer satisfaction report
L130,Kelpru Bank,Banking,United Arab Emirates,Dubai,161,kelprubank.example,Kelpru Bank is a banking company in United Arab Emirates serving consumers.,Active Arabic social media accounts; Many customer complaints visible on X
L131,Soltis Bank,Banking,United States,Chicago,375,soltisbank.example,Soltis Bank is a banking company in United States serving consumers.,Publishes an annual customer satisfaction report; Many customer complaints visible on X; Recently launched a customer mobile app; No social media presence
L132,Qaltis Academy,Education,Egypt,Alexandria,736,qaltisacademy.example,Qaltis Academy is an education company in Egypt serving consumers.,
L133,Rakmir Bank,Banking,Germany,Berlin,743,rakmirbank.example,Rakmir Bank is a banking company in Germany serving consumers.,Active Arabic social media accounts
L134,Haxvor Authority,Government,United States,Austin,816,haxvorauthority.example,Haxvor Authority is a government company in United States serving consumers.,Active Arabic social media accounts; Sells only to other factories (B2B industrial)
L135,Sadwan Insurance,Insurance,Qatar,Doha,35,sadwaninsurance.example,Sadwan Insurance is an insurance company in Qatar serving consumers.,Runs a 24/7 contact center; Publishes an annual customer satisfaction report; Many customer complaints visible on X
L136,Dorfen Insurance,Insurance,Saudi Arabia,Riyadh,2271,dorfeninsurance.example,Dorfen Insurance is an insurance company in Saudi Arabia serving consumers.,
L137,Dorqal Hotels,Hospitality,Saudi Arabia,Dammam,593,dorqalhotels.example,Dorqal Hotels is a hospitality company in Saudi Arabia serving consumers.,
L138,Gorsol Hotels,Hospitality,Egypt,Cairo,18,gorsolhotels.example,Gorsol Hotels is a hospitality company in Egypt serving consumers.,Recently launched a customer mobile app
L139,Qalkel Hotels,Hospitality,Jordan,Amman,649,qalkelhotels.example,Qalkel Hotels is a hospitality company in Jordan serving consumers.,Active Arabic social media accounts
L140,Haxdor Authority,Government,Egypt,Alexandria,267,haxdorauthority.example,Haxdor Authority is a government company in Egypt serving consumers.,Many customer complaints visible on X; Recently launched a customer mobile app; Active Arabic social media accounts
L141,Dorfen Retail Group,Retail,Egypt,Alexandria,2270,dorfenretailgroup.example,Dorfen Retail Group is a retail company in Egypt serving consumers.,Recently launched a customer mobile app; Sells only to other factories (B2B industrial)
L142,Voryam Industries,Industrial manufacturing,Kuwait,Kuwait City,2268,voryamindustries.example,Voryam Industries is an industrial manufacturing company in Kuwait serving other businesses.,
L143,Vorkel Authority,Government,Egypt,Alexandria,720,vorkelauthority.example,Vorkel Authority is a government company in Egypt serving consumers.,
L144,Lummir Foods,Quick-service restaurants,United Arab Emirates,Dubai,179,lummirfoods.example,Lummir Foods is a quick-service restaurants company in United Arab Emirates serving consumers.,Hiring a customer experience manager; Publishes an annual customer satisfaction report; Runs a 24/7 contact center; English-only website and support
L145,Nubmir Academy,Education,Jordan,Amman,10925,nubmiracademy.example,Nubmir Academy is an education company in Jordan serving consumers.,Runs a 24/7 contact center
L146,Gornub Petroleum,Oil and gas,Qatar,Doha,122,gornubpetroleum.example,Gornub Petroleum is an oil and gas company in Qatar serving other businesses.,Sells only to other factories (B2B industrial)
L147,Prurak Logistics,Logistics,Qatar,Doha,168,pruraklogistics.example,Prurak Logistics is a logistics company in Qatar serving consumers.,Many customer complaints visible on X; Hiring a customer experience manager
L148,Keltis Logistics,Logistics,Qatar,Doha,13192,keltislogistics.example,Keltis Logistics is a logistics company in Qatar serving consumers.,Hiring a customer experience manager
L149,Prutem Bank,Banking,United Arab Emirates,Dubai,479,prutembank.example,Prutem Bank is a banking company in United Arab Emirates serving consumers.,
L150,Qalrak Hotels,Hospitality,United Arab Emirates,Dubai,2581,qalrakhotels.example,Qalrak Hotels is a hospitality company in United Arab Emirates serving consumers.,Recently launched a customer mobile app; Active Arabic social media accounts; Many customer complaints visible on X; English-only website and support
L151,Mirtem Labs,Software,United Arab Emirates,Dubai,45,mirtemlabs.example,Mirtem Labs is a software company in United Arab Emirates serving consumers.,Hiring a customer experience manager; Publishes an annual customer satisfaction report; Recently cut marketing budget
L152,Zarfen Hotels,Hospitality,Saudi Arabia,Dammam,48,zarfenhotels.example,Zarfen Hotels is a hospitality company in Saudi Arabia serving consumers.,Hiring a customer experience manager
L153,Dortem Hotels,Hospitality,Qatar,Doha,66,dortemhotels.example,Dortem Hotels is a hospitality company in Qatar serving consumers.,
L154,Pruzar Bank,Banking,United States,Austin,25146,pruzarbank.example,Pruzar Bank is a banking company in United States serving consumers.,Publishes an annual customer satisfaction report; Recently cut marketing budget
L155,Qalkel Foods,Quick-service restaurants,Egypt,Cairo,149,qalkelfoods.example,Qalkel Foods is a quick-service restaurants company in Egypt serving consumers.,Active Arabic social media accounts; Runs a 24/7 contact center
L156,Haxfen Contracting,Construction,Saudi Arabia,Jeddah,4229,haxfencontracting.example,Haxfen Contracting is a construction company in Saudi Arabia serving other businesses.,
L157,Solmir Bank,Banking,Saudi Arabia,Jeddah,26,solmirbank.example,Solmir Bank is a banking company in Saudi Arabia serving consumers.,Active Arabic social media accounts
L158,Sadvor Petroleum,Oil and gas,Kuwait,Kuwait City,2201,sadvorpetroleum.example,Sadvor Petroleum is an oil and gas company in Kuwait serving other businesses.,Recently cut marketing budget
L159,Mirdor Insurance,Insurance,Jordan,Amman,37,mirdorinsurance.example,Mirdor Insurance is an insurance company in Jordan serving consumers.,Runs a 24/7 contact center; Many customer complaints visible on X; Recently launched a customer mobile app; Sells only to other factories (B2B industrial)
L160,Fentem Petroleum,Oil and gas,Saudi Arabia,Jeddah,609,fentempetroleum.example,Fentem Petroleum is an oil and gas company in Saudi Arabia serving other businesses.,
L161,Mirsad Logistics,Logistics,Germany,Munich,4281,mirsadlogistics.example,Mirsad Logistics is a logistics company in Germany serving consumers.,Publishes an annual customer satisfaction report; Many customer complaints visible on X; Recently launched a customer mobile app
L162,Yamsad Bank,Banking,United Arab Emirates,Abu Dhabi,2826,yamsadbank.example,Yamsad Bank is a banking company in United Arab Emirates serving consumers.,Recently launched a customer mobile app; Active Arabic social media accounts; English-only website and support
L163,Haxgor Telecom,Telecommunications,United Arab Emirates,Abu Dhabi,3518,haxgortelecom.example,Haxgor Telecom is a telecommunications company in United Arab Emirates serving consumers.,
L164,Qalbel Labs,Software,Saudi Arabia,Riyadh,43,qalbellabs.example,Qalbel Labs is a software company in Saudi Arabia serving consumers.,Runs a 24/7 contact center; Hiring a customer experience manager
L165,Haxbel Bank,Banking,Saudi Arabia,Dammam,660,haxbelbank.example,Haxbel Bank is a banking company in Saudi Arabia serving consumers.,
L166,Solvor Industries,Industrial manufacturing,United Arab Emirates,Abu Dhabi,32,solvorindustries.example,Solvor Industries is an industrial manufacturing company in United Arab Emirates serving other businesses.,Recently cut marketing budget
L167,Wankel Retail Group,Retail,Saudi Arabia,Dammam,164,wankelretailgroup.example,Wankel Retail Group is a retail company in Saudi Arabia serving consumers.,Runs a 24/7 contact center; Active Arabic social media accounts; Recently launched a customer mobile app
L168,Lumtem Insurance,Insurance,Egypt,Alexandria,1359,lumteminsurance.example,Lumtem Insurance is an insurance company in Egypt serving consumers.,Active Arabic social media accounts
L169,Haxqal Academy,Education,India,Bengaluru,570,haxqalacademy.example,Haxqal Academy is an education company in India serving consumers.,Recently launched a customer mobile app; Hiring a customer experience manager
L170,Vorrak Authority,Government,Saudi Arabia,Dammam,83,vorrakauthority.example,Vorrak Authority is a government company in Saudi Arabia serving consumers.,Active Arabic social media accounts; Recently launched a customer mobile app; Runs a 24/7 contact center
L171,Belwan Telecom,Telecommunications,Saudi Arabia,Dammam,275,belwantelecom.example,Belwan Telecom is a telecommunications company in Saudi Arabia serving consumers.,Many customer complaints visible on X; Runs a 24/7 contact center; Active Arabic social media accounts; English-only website and support
L172,Vorpru Hotels,Hospitality,Kuwait,Kuwait City,327,vorpruhotels.example,Vorpru Hotels is a hospitality company in Kuwait serving consumers.,Hiring a customer experience manager
L173,Mirrak Authority,Government,Saudi Arabia,Jeddah,100,mirrakauthority.example,Mirrak Authority is a government company in Saudi Arabia serving consumers.,Runs a 24/7 contact center; Recently launched a customer mobile app
L174,Doryam Health,Healthcare,Egypt,Cairo,198,doryamhealth.example,Doryam Health is a healthcare company in Egypt serving consumers.,
L175,Mirsol Insurance,Insurance,Egypt,Cairo,7661,mirsolinsurance.example,Mirsol Insurance is an insurance company in Egypt serving consumers.,
L176,Fenlum Bank,Banking,Egypt,Alexandria,26034,fenlumbank.example,Fenlum Bank is a banking company in Egypt serving consumers.,Runs a 24/7 contact center; Active Arabic social media accounts; Many customer complaints visible on X
L177,Dorgor Industries,Industrial manufacturing,United Arab Emirates,Dubai,2800,dorgorindustries.example,Dorgor Industries is an industrial manufacturing company in United Arab Emirates serving other businesses.,No social media presence
L178,Mirmir Foods,Quick-service restaurants,United Arab Emirates,Dubai,526,mirmirfoods.example,Mirmir Foods is a quick-service restaurants company in United Arab Emirates serving consumers.,Many customer complaints visible on X; Hiring a customer experience manager
L179,Rakvor Retail Group,Retail,Saudi Arabia,Dammam,2712,rakvorretailgroup.example,Rakvor Retail Group is a retail company in Saudi Arabia serving consumers.,Recently cut marketing budget
L180,Mirsol Retail Group,Retail,Germany,Munich,177,mirsolretailgroup.example,Mirsol Retail Group is a retail company in Germany serving consumers.,Hiring a customer experience manager; Publishes an annual customer satisfaction report
L181,Belkel Contracting,Construction,United Arab Emirates,Dubai,37,belkelcontracting.example,Belkel Contracting is a construction company in United Arab Emirates serving other businesses.,Sells only to other factories (B2B industrial)
L182,Wandor Bank,Banking,Saudi Arabia,Jeddah,9388,wandorbank.example,Wandor Bank is a banking company in Saudi Arabia serving consumers.,
L183,Haxnub Contracting,Construction,Kuwait,Kuwait City,3266,haxnubcontracting.example,Haxnub Contracting is a construction company in Kuwait serving other businesses.,Sells only to other factories (B2B industrial)
L184,Prufen Retail Group,Retail,United Arab Emirates,Abu Dhabi,2528,prufenretailgroup.example,Prufen Retail Group is a retail company in United Arab Emirates serving consumers.,No social media presence
L185,Vorlum Academy,Education,Saudi Arabia,Jeddah,731,vorlumacademy.example,Vorlum Academy is an education company in Saudi Arabia serving consumers.,Runs a 24/7 contact center; Active Arabic social media accounts; Publishes an annual customer satisfaction report; English-only website and support
L186,Vormir Hotels,Hospitality,Egypt,Alexandria,24455,vormirhotels.example,Vormir Hotels is a hospitality company in Egypt serving consumers.,Hiring a customer experience manager; Many customer complaints visible on X
L187,Wansol Retail Group,Retail,Jordan,Amman,18649,wansolretailgroup.example,Wansol Retail Group is a retail company in Jordan serving consumers.,Many customer complaints visible on X; Active Arabic social media accounts
L188,Yamwan Telecom,Telecommunications,Jordan,Amman,45,yamwantelecom.example,Yamwan Telecom is a telecommunications company in Jordan serving consumers.,Publishes an annual customer satisfaction report; Runs a 24/7 contact center
L189,Belvor Insurance,Insurance,Egypt,Cairo,11251,belvorinsurance.example,Belvor Insurance is an insurance company in Egypt serving consumers.,Active Arabic social media accounts
L190,Tislum Bank,Banking,Saudi Arabia,Dammam,65,tislumbank.example,Tislum Bank is a banking company in Saudi Arabia serving consumers.,Runs a 24/7 contact center; Publishes an annual customer satisfaction report; Many customer complaints visible on X
L191,Mirwan Logistics,Logistics,United Arab Emirates,Abu Dhabi,22900,mirwanlogistics.example,Mirwan Logistics is a logistics company in United Arab Emirates serving consumers.,Recently launched a customer mobile app; Hiring a customer experience manager; Many customer complaints visible on X
L192,Yamwan Foods,Quick-service restaurants,Qatar,Doha,430,yamwanfoods.example,Yamwan Foods is a quick-service restaurants company in Qatar serving consumers.,Hiring a customer experience manager
L193,Lumwan Industries,Industrial manufacturing,India,Pune,494,lumwanindustries.example,Lumwan Industries is an industrial manufacturing company in India serving other businesses.,English-only website and support
L194,Belhax Bank,Banking,Kuwait,Kuwait City,4784,belhaxbank.example,Belhax Bank is a banking company in Kuwait serving consumers.,Recently launched a customer mobile app; No social media presence
L195,Lumlum Hotels,Hospitality,Saudi Arabia,Riyadh,1207,lumlumhotels.example,Lumlum Hotels is a hospitality company in Saudi Arabia serving consumers.,Runs a 24/7 contact center; Recently launched a customer mobile app; Sells only to other factories (B2B industrial)
L196,Nubtem Health,Healthcare,United Arab Emirates,Dubai,51,nubtemhealth.example,Nubtem Health is a healthcare company in United Arab Emirates serving consumers.,Recently launched a customer mobile app; Many customer complaints visible on X; Active Arabic social media accounts
L197,Wanlum Industries,Industrial manufacturing,India,Pune,132,wanlumindustries.example,Wanlum Industries is an industrial manufacturing company in India serving other businesses.,
L198,Solrak Retail Group,Retail,Saudi Arabia,Riyadh,41,solrakretailgroup.example,Solrak Retail Group is a retail company in Saudi Arabia serving consumers.,
L199,Belwan Contracting,Construction,Saudi Arabia,Riyadh,15,belwancontracting.example,Belwan Contracting is a construction company in Saudi Arabia serving other businesses.,English-only website and support
L200,Dorgor Retail Group,Retail,Egypt,Cairo,538,dorgorretailgroup.example,Dorgor Retail Group is a retail company in Egypt serving consumers.,Hiring a customer experience manager; Runs a 24/7 contact center; Many customer complaints visible on X
